timestamp,open,high,low,close,volume
2025-11-19 11:42:00,923.39,923.53,922.8,923.1,204.922
2025-11-19 11:45:00,923.1,923.15,922.36,922.46,221.31
2025-11-19 11:48:00,922.46,923.16,922.2,923.15,149.839
2025-11-19 11:51:00,923.15,923.15,921.41,921.55,121.555
2025-11-19 11:54:00,921.54,921.72,920.36,921.08,196.915
2025-11-19 11:57:00,921.08,921.97,921.06,921.62,215.73
2025-11-19 12:00:00,921.61,921.7,920.66,920.9,247.475
2025-11-19 12:03:00,920.9,922.5,920.31,921.89,397.038
2025-11-19 12:06:00,921.88,923.4,921.88,923.28,144.24
2025-11-19 12:09:00,923.28,923.51,921.6,921.69,155.152
2025-11-19 12:12:00,921.69,922.43,921.61,921.61,392.014
2025-11-19 12:15:00,921.6,922.0,920.86,922.0,145.303
2025-11-19 12:18:00,921.99,922.0,920.64,920.65,149.525
2025-11-19 12:21:00,920.64,922.2,920.46,921.95,204.796
2025-11-19 12:24:00,921.95,922.52,921.43,921.64,350.406
2025-11-19 12:27:00,921.64,922.49,921.64,921.99,171.066
2025-11-19 12:30:00,921.99,923.35,921.98,922.09,195.87
2025-11-19 12:33:00,922.08,922.58,921.73,922.02,262.424
2025-11-19 12:36:00,922.02,922.24,920.58,921.65,213.855
2025-11-19 12:39:00,921.65,922.3,921.5,921.81,136.741
2025-11-19 12:42:00,921.81,922.88,921.8,922.8,186.649
2025-11-19 12:45:00,922.8,924.05,922.5,923.8,192.994
2025-11-19 12:48:00,923.8,924.6,923.72,924.6,109.151
2025-11-19 12:51:00,924.6,925.44,924.07,924.35,282.381
2025-11-19 12:54:00,924.36,924.61,924.2,924.39,148.789
2025-11-19 12:57:00,924.4,925.35,924.24,924.49,241.181
2025-11-19 13:00:00,924.49,924.59,923.2,923.32,118.567
2025-11-19 13:03:00,923.31,923.34,921.85,922.15,146.154
2025-11-19 13:06:00,922.15,922.83,922.01,922.78,155.086
2025-11-19 13:09:00,922.79,923.8,922.78,923.11,92.6
2025-11-19 13:12:00,923.1,923.47,922.66,922.67,111.345
2025-11-19 13:15:00,922.66,924.21,922.5,924.21,215.511
2025-11-19 13:18:00,924.21,924.21,923.3,923.89,180.294
2025-11-19 13:21:00,923.89,924.11,921.02,921.71,399.15
2025-11-19 13:24:00,921.7,923.6,921.4,923.5,247.882
2025-11-19 13:27:00,923.5,923.67,922.8,922.86,202.408
2025-11-19 13:30:00,922.87,923.9,921.76,922.11,228.605
2025-11-19 13:33:00,922.1,922.15,920.3,920.99,377.063
2025-11-19 13:36:00,920.99,921.6,920.18,921.4,201.294
2025-11-19 13:39:00,921.4,921.4,920.14,920.82,464.258
2025-11-19 13:42:00,920.82,920.82,920.0,920.13,140.765
2025-11-19 13:45:00,920.14,920.65,919.74,919.96,192.185
2025-11-19 13:48:00,919.97,920.12,918.78,919.2,380.735
2025-11-19 13:51:00,919.21,919.58,916.63,917.6,592.008
2025-11-19 13:54:00,917.59,917.76,916.14,917.49,655.353
2025-11-19 13:57:00,917.49,917.97,917.05,917.24,253.316
2025-11-19 14:00:00,917.24,918.3,916.68,916.69,277.08
2025-11-19 14:03:00,916.68,917.0,915.0,915.35,623.722
2025-11-19 14:06:00,915.35,915.56,914.0,914.18,685.724
2025-11-19 14:09:00,914.18,915.23,913.26,915.02,819.433
2025-11-19 14:12:00,915.03,917.75,914.49,917.5,352.543
2025-11-19 14:15:00,917.5,917.9,915.81,916.59,296.899
2025-11-19 14:18:00,916.6,916.64,913.46,914.1,958.576
2025-11-19 14:21:00,914.1,914.3,913.15,914.01,293.428
2025-11-19 14:24:00,914.0,914.0,910.82,911.69,1125.921
2025-11-19 14:27:00,911.69,912.41,910.8,911.25,611.851
2025-11-19 14:30:00,911.26,914.76,910.97,913.61,1448.914
2025-11-19 14:33:00,913.6,917.73,913.58,916.89,622.016
2025-11-19 14:36:00,916.89,917.78,914.7,914.7,582.689
2025-11-19 14:39:00,914.71,916.62,913.34,916.12,492.676
2025-11-19 14:42:00,916.13,919.5,916.07,919.01,627.226
2025-11-19 14:45:00,919.01,920.04,917.09,917.69,1136.319
2025-11-19 14:48:00,917.69,918.82,915.39,916.77,383.418
2025-11-19 14:51:00,916.77,919.14,916.05,918.9,598.751
2025-11-19 14:54:00,918.91,918.97,916.0,916.41,304.108
2025-11-19 14:57:00,916.4,918.1,915.81,916.89,834.762
2025-11-19 15:00:00,916.88,919.58,915.51,918.99,1856.186
2025-11-19 15:03:00,918.99,920.74,918.43,919.71,598.659
2025-11-19 15:06:00,919.7,923.73,919.48,922.07,1554.872
2025-11-19 15:09:00,922.07,923.13,919.98,920.41,1338.297
2025-11-19 15:12:00,920.4,920.93,918.71,919.17,386.26
2025-11-19 15:15:00,919.17,922.16,919.17,920.9,308.092
2025-11-19 15:18:00,920.89,921.22,914.05,914.09,986.025
2025-11-19 15:21:00,914.09,915.21,909.48,911.61,2971.424
2025-11-19 15:24:00,911.6,912.45,909.54,911.01,1276.263
2025-11-19 15:27:00,911.0,912.16,910.03,911.01,417.08
2025-11-19 15:30:00,911.01,911.27,906.5,907.9,1894.604
2025-11-19 15:33:00,907.89,908.2,906.33,906.76,710.654
2025-11-19 15:36:00,906.75,908.41,906.02,907.59,931.595
2025-11-19 15:39:00,907.6,908.81,906.15,908.55,737.144
2025-11-19 15:42:00,908.55,909.19,906.23,907.02,523.564
2025-11-19 15:45:00,907.04,907.09,902.0,903.18,4094.116
2025-11-19 15:48:00,903.17,903.3,898.25,898.56,4456.411
2025-11-19 15:51:00,898.55,898.96,893.89,896.35,8643.248
2025-11-19 15:54:00,896.34,897.25,893.28,894.15,3769.805
2025-11-19 15:57:00,894.15,895.43,892.68,894.73,1888.02
2025-11-19 16:00:00,894.72,898.6,893.52,898.31,2753.33
2025-11-19 16:03:00,898.3,898.88,895.18,895.2,1357.026
2025-11-19 16:06:00,895.19,899.56,895.03,897.61,1069.55
2025-11-19 16:09:00,897.61,898.68,896.3,897.88,940.748
2025-11-19 16:12:00,897.88,898.65,895.08,897.68,1213.459
2025-11-19 16:15:00,897.68,898.8,892.51,893.38,1280.69
2025-11-19 16:18:00,893.38,894.1,892.19,893.53,1212.651
2025-11-19 16:21:00,893.53,895.34,892.07,892.1,1352.112
2025-11-19 16:24:00,892.1,892.1,890.2,891.52,1702.122
2025-11-19 16:27:00,891.52,892.84,891.21,891.96,573.636
2025-11-19 16:30:00,891.97,893.39,889.22,890.54,2834.158
2025-11-19 16:33:00,890.54,890.69,887.21,888.07,2018.15
2025-11-19 16:36:00,888.08,888.92,887.56,888.29,1004.069
2025-11-19 16:39:00,888.28,890.48,888.17,890.48,934.152
2025-11-19 16:42:00,890.48,891.67,888.43,888.51,1496.292
2025-11-19 16:45:00,888.51,890.4,888.1,889.75,810.078
2025-11-19 16:48:00,889.74,889.74,885.6,886.77,2169.491
2025-11-19 16:51:00,886.78,887.78,885.25,885.6,1361.719
2025-11-19 16:54:00,885.61,886.37,884.27,885.37,1958.874
2025-11-19 16:57:00,885.38,887.94,884.51,887.89,751.126
2025-11-19 17:00:00,887.9,891.0,886.79,887.36,1678.334
2025-11-19 17:03:00,887.35,887.75,880.0,880.87,7587.061
2025-11-19 17:06:00,880.87,883.11,880.11,882.36,1242.288
2025-11-19 17:09:00,882.35,882.96,881.04,881.7,860.718
2025-11-19 17:12:00,881.7,882.36,880.41,881.79,892.664
2025-11-19 17:15:00,881.8,883.39,881.32,881.51,686.729
2025-11-19 17:18:00,881.51,882.0,879.4,880.3,3025.299
2025-11-19 17:21:00,880.3,885.34,880.3,884.02,1413.259
2025-11-19 17:24:00,884.03,884.8,882.44,883.01,670.936
2025-11-19 17:27:00,883.01,886.2,883.01,885.98,485.384
2025-11-19 17:30:00,885.97,885.97,883.26,883.35,589.728
2025-11-19 17:33:00,883.36,883.43,882.18,882.4,601.04
2025-11-19 17:36:00,882.4,882.5,877.1,879.48,1921.698
2025-11-19 17:39:00,879.49,882.18,878.78,881.5,1263.269
2025-11-19 17:42:00,881.5,886.19,881.49,883.92,826.272
2025-11-19 17:45:00,883.92,883.98,880.39,881.76,837.604
2025-11-19 17:48:00,881.75,881.79,880.51,881.53,447.186
2025-11-19 17:51:00,881.53,884.46,881.26,883.7,618.51
2025-11-19 17:54:00,883.7,883.71,881.49,882.6,562.045
2025-11-19 17:57:00,882.56,884.8,882.5,884.62,467.414
2025-11-19 18:00:00,884.61,884.61,882.42,883.19,470.273
2025-11-19 18:03:00,883.2,883.96,882.0,882.46,470.293
2025-11-19 18:06:00,882.47,884.37,880.0,881.43,570.541
2025-11-19 18:09:00,881.43,883.64,880.83,883.4,485.359
2025-11-19 18:12:00,883.4,885.0,882.3,883.21,482.523
2025-11-19 18:15:00,883.2,884.15,878.12,878.79,860.704
2025-11-19 18:18:00,878.79,878.79,876.38,877.97,1288.813
2025-11-19 18:21:00,877.98,879.41,877.21,877.21,599.212
2025-11-19 18:24:00,877.21,877.25,874.02,874.43,2552.882
2025-11-19 18:27:00,874.44,874.83,872.66,874.33,804.107
2025-11-19 18:30:00,874.33,875.48,873.44,874.36,890.25
2025-11-19 18:33:00,874.36,876.5,874.22,875.69,530.763
2025-11-19 18:36:00,875.7,877.97,875.28,876.88,888.956
2025-11-19 18:39:00,876.89,877.2,874.31,874.8,882.4
2025-11-19 18:42:00,874.79,875.28,873.26,873.6,499.041
2025-11-19 18:45:00,873.6,874.56,873.0,874.11,895.769
2025-11-19 18:48:00,874.1,876.06,872.39,875.44,560.1
2025-11-19 18:51:00,875.44,876.3,873.65,873.65,595.366
2025-11-19 18:54:00,873.65,876.16,872.38,876.14,908.414
2025-11-19 18:57:00,876.14,878.32,875.38,877.09,1152.081
2025-11-19 19:00:00,877.1,877.94,874.89,875.92,1368.321
2025-11-19 19:03:00,875.92,878.09,875.9,877.8,658.294
2025-11-19 19:06:00,877.8,879.12,875.7,879.11,760.197
2025-11-19 19:09:00,879.11,880.15,876.25,876.26,700.73
2025-11-19 19:12:00,876.25,877.04,875.51,876.81,866.503
2025-11-19 19:15:00,876.81,877.35,874.9,876.28,409.696
2025-11-19 19:18:00,876.28,878.73,876.28,877.05,399.302
2025-11-19 19:21:00,877.05,877.7,875.33,876.12,419.953
2025-11-19 19:24:00,876.14,877.28,874.66,875.08,872.954
2025-11-19 19:27:00,875.08,876.36,875.07,875.91,397.822
2025-11-19 19:30:00,875.91,877.47,875.6,876.6,418.712
2025-11-19 19:33:00,876.6,877.82,875.95,877.42,361.458
2025-11-19 19:36:00,877.42,877.72,875.84,875.84,535.807
2025-11-19 19:39:00,875.85,877.02,875.21,876.58,454.545
2025-11-19 19:42:00,876.58,877.33,875.94,876.19,888.567
2025-11-19 19:45:00,876.2,876.36,874.13,875.3,965.067
2025-11-19 19:48:00,875.29,878.48,875.25,878.48,462.741
2025-11-19 19:51:00,878.48,880.24,878.48,879.25,510.284
2025-11-19 19:54:00,879.24,880.42,878.71,880.34,583.401
2025-11-19 19:57:00,880.33,880.33,877.6,878.9,407.514
2025-11-19 20:00:00,878.9,879.1,876.71,876.92,324.686
2025-11-19 20:03:00,876.93,877.57,876.4,877.24,316.221
2025-11-19 20:06:00,877.24,878.75,877.13,878.0,250.815
2025-11-19 20:09:00,878.0,879.81,877.51,879.77,500.469
2025-11-19 20:12:00,879.78,880.83,879.68,880.14,394.359
2025-11-19 20:15:00,880.15,880.79,879.1,879.65,410.114
2025-11-19 20:18:00,879.65,882.25,879.22,882.25,524.442
2025-11-19 20:21:00,882.25,883.33,880.83,881.07,486.745
2025-11-19 20:24:00,881.07,883.21,880.68,882.81,302.103
2025-11-19 20:27:00,882.81,884.0,882.8,883.89,461.131
2025-11-19 20:30:00,883.9,883.96,881.47,882.5,705.003
2025-11-19 20:33:00,882.49,885.28,881.69,885.27,728.826
2025-11-19 20:36:00,885.28,886.21,884.4,884.55,1404.644
2025-11-19 20:39:00,884.55,884.73,882.81,882.81,568.911
2025-11-19 20:42:00,882.81,883.14,882.1,883.0,364.632
2025-11-19 20:45:00,882.99,883.91,881.81,883.81,452.49
2025-11-19 20:48:00,883.81,885.26,883.3,884.21,477.69
2025-11-19 20:51:00,884.2,885.93,884.11,885.56,495.026
2025-11-19 20:54:00,885.56,888.9,885.27,887.17,1458.069
2025-11-19 20:57:00,887.18,888.2,886.59,887.2,1169.364
2025-11-19 21:00:00,887.21,888.0,885.52,886.48,477.534
2025-11-19 21:03:00,886.48,889.4,886.37,889.03,350.567
2025-11-19 21:06:00,889.1,890.46,888.06,889.05,635.675
2025-11-19 21:09:00,889.06,889.4,886.61,886.94,423.029
2025-11-19 21:12:00,886.94,887.8,886.62,887.59,310.103
2025-11-19 21:15:00,887.6,889.89,887.02,888.72,695.874
2025-11-19 21:18:00,888.72,893.98,887.99,893.98,1327.861
2025-11-19 21:21:00,893.99,899.02,893.45,897.5,2623.219
2025-11-19 21:24:00,897.51,899.65,895.47,896.51,1590.769
2025-11-19 21:27:00,896.51,896.76,892.97,893.89,1209.454
2025-11-19 21:30:00,893.89,898.02,893.26,897.81,1038.563
2025-11-19 21:33:00,897.82,898.8,896.3,896.43,627.37
2025-11-19 21:36:00,896.44,898.72,896.44,897.09,302.165
2025-11-19 21:39:00,897.09,897.43,895.05,895.89,381.04
2025-11-19 21:42:00,895.88,898.0,895.64,898.0,166.11
2025-11-19 21:45:00,898.0,899.63,897.82,898.33,670.887
2025-11-19 21:48:00,898.33,898.58,896.19,896.21,322.461
2025-11-19 21:51:00,896.2,898.27,896.19,897.54,450.413
2025-11-19 21:54:00,897.54,898.53,897.54,898.38,556.354
2025-11-19 21:57:00,898.35,898.35,897.14,897.39,406.36
2025-11-19 22:00:00,897.43,897.6,893.6,894.81,996.294
2025-11-19 22:03:00,894.8,895.19,893.73,893.74,444.734
2025-11-19 22:06:00,893.74,895.3,893.3,895.27,677.002
2025-11-19 22:09:00,895.27,895.79,894.05,894.06,178.693
2025-11-19 22:12:00,894.06,894.66,892.54,892.83,616.521
2025-11-19 22:15:00,892.83,894.46,891.58,891.58,794.408
2025-11-19 22:18:00,891.59,893.42,890.21,890.91,487.004
2025-11-19 22:21:00,890.92,891.5,889.35,891.3,460.747
2025-11-19 22:24:00,891.29,892.97,890.7,892.72,449.768
2025-11-19 22:27:00,892.72,896.14,892.6,895.55,542.389
2025-11-19 22:30:00,895.55,895.55,893.69,894.3,426.518
2025-11-19 22:33:00,894.29,895.29,893.1,893.11,245.602
2025-11-19 22:36:00,893.1,893.95,892.91,892.91,392.707
2025-11-19 22:39:00,892.92,893.6,892.81,893.47,192.609
2025-11-19 22:42:00,893.46,894.2,892.6,894.09,131.009
2025-11-19 22:45:00,894.1,894.1,891.83,892.59,185.573
2025-11-19 22:48:00,892.6,893.8,892.6,893.8,110.635
2025-11-19 22:51:00,893.8,893.8,892.46,893.31,131.09
2025-11-19 22:54:00,893.32,893.7,891.35,891.7,423.878
2025-11-19 22:57:00,891.69,893.5,891.69,893.11,151.758
2025-11-19 23:00:00,893.11,894.5,893.1,894.38,193.422
2025-11-19 23:03:00,894.38,896.36,893.85,895.77,316.273
2025-11-19 23:06:00,895.77,899.9,895.7,899.21,868.973
2025-11-19 23:09:00,899.22,901.41,898.53,899.9,1449.731
2025-11-19 23:12:00,899.9,900.06,896.32,897.88,3104.849
2025-11-19 23:15:00,897.88,898.63,895.82,897.13,1812.338
2025-11-19 23:18:00,897.12,897.29,895.72,895.92,426.102
2025-11-19 23:21:00,895.93,896.79,895.7,896.59,257.575
2025-11-19 23:24:00,896.6,897.7,896.6,896.99,476.337
2025-11-19 23:27:00,896.99,896.99,895.1,895.2,568.783
2025-11-19 23:30:00,895.21,895.4,894.0,894.69,393.138
2025-11-19 23:33:00,894.69,895.09,893.97,894.82,349.625
2025-11-19 23:36:00,894.82,895.34,894.38,895.34,134.806
2025-11-19 23:39:00,895.34,896.28,892.5,893.26,818.138
2025-11-19 23:42:00,893.25,893.4,891.69,892.19,415.305
2025-11-19 23:45:00,892.18,894.48,892.14,894.43,989.269
2025-11-19 23:48:00,894.43,894.9,893.79,894.4,557.801
2025-11-19 23:51:00,894.39,895.37,894.38,895.11,282.671
2025-11-19 23:54:00,895.11,897.0,895.11,897.0,189.421
2025-11-19 23:57:00,897.0,898.0,896.84,897.77,502.385
2025-11-20 00:00:00,897.78,897.78,895.1,895.1,1822.437
2025-11-20 00:03:00,895.11,895.39,894.6,894.71,389.201
2025-11-20 00:06:00,894.71,895.7,893.8,895.7,253.807
2025-11-20 00:09:00,895.69,896.79,895.6,896.79,447.739
2025-11-20 00:12:00,896.79,899.28,896.79,899.06,676.32
2025-11-20 00:15:00,899.06,899.77,898.18,899.5,595.41
2025-11-20 00:18:00,899.51,900.87,899.47,900.42,611.14
2025-11-20 00:21:00,900.41,903.0,900.41,902.82,1397.91
2025-11-20 00:24:00,902.81,903.84,902.04,902.92,827.894
2025-11-20 00:27:00,902.93,904.16,902.93,903.59,304.121
2025-11-20 00:30:00,903.59,905.55,903.59,905.13,920.283
2025-11-20 00:33:00,905.13,906.87,904.5,905.7,1319.784
2025-11-20 00:36:00,905.7,906.42,903.59,903.59,649.056
2025-11-20 00:39:00,903.59,904.7,903.35,904.58,394.075
2025-11-20 00:42:00,904.59,904.87,904.4,904.53,383.844
2025-11-20 00:45:00,904.52,904.52,902.5,903.43,534.748
2025-11-20 00:48:00,903.43,904.49,901.47,901.48,340.808
2025-11-20 00:51:00,901.48,902.0,900.35,901.01,558.488
2025-11-20 00:54:00,901.04,901.8,900.68,900.69,342.826
2025-11-20 00:57:00,900.69,900.89,900.24,900.79,351.472
2025-11-20 01:00:00,900.79,900.8,899.8,900.53,336.956
2025-11-20 01:03:00,900.53,902.39,900.41,902.39,293.082
2025-11-20 01:06:00,902.4,904.36,902.4,903.69,348.326
2025-11-20 01:09:00,903.7,905.1,903.69,904.85,416.215
2025-11-20 01:12:00,904.84,905.1,904.08,904.39,644.759
2025-11-20 01:15:00,904.4,905.31,903.6,904.0,271.795
2025-11-20 01:18:00,903.99,906.19,903.77,906.14,387.98
2025-11-20 01:21:00,906.13,906.8,904.6,905.47,612.415
2025-11-20 01:24:00,905.47,907.43,905.27,905.64,1231.321
2025-11-20 01:27:00,905.64,906.83,905.0,905.36,598.331
2025-11-20 01:30:00,905.37,905.95,905.29,905.94,171.081
2025-11-20 01:33:00,905.94,908.8,905.94,907.85,372.85
2025-11-20 01:36:00,907.85,909.43,907.85,908.12,796.731
2025-11-20 01:39:00,908.13,908.37,906.55,907.76,524.07
2025-11-20 01:42:00,907.76,908.5,906.98,908.04,620.169
2025-11-20 01:45:00,908.03,909.49,907.51,908.13,554.332
2025-11-20 01:48:00,908.13,908.18,906.83,907.1,315.81
2025-11-20 01:51:00,907.11,909.37,906.87,909.09,332.934
2025-11-20 01:54:00,909.09,909.42,908.0,908.14,196.554
2025-11-20 01:57:00,908.14,908.51,907.8,908.41,216.8
2025-11-20 02:00:00,908.41,909.41,907.73,908.32,381.306
2025-11-20 02:03:00,908.33,913.77,908.3,913.59,1777.006
2025-11-20 02:06:00,913.6,917.0,909.75,910.57,7995.237
2025-11-20 02:09:00,910.57,911.0,909.0,909.7,1109.377
2025-11-20 02:12:00,909.69,911.98,909.54,911.38,711.741
2025-11-20 02:15:00,911.39,913.4,911.25,912.78,770.782
2025-11-20 02:18:00,912.79,913.0,908.65,909.32,864.515
2025-11-20 02:21:00,909.32,909.6,908.11,908.89,382.146
2025-11-20 02:24:00,908.9,909.53,908.4,908.75,779.618
2025-11-20 02:27:00,908.75,909.0,908.1,908.35,219.722
2025-11-20 02:30:00,908.36,909.3,908.03,908.96,391.409
2025-11-20 02:33:00,908.96,909.4,908.7,909.2,314.966
2025-11-20 02:36:00,909.19,909.7,908.9,909.32,462.26
2025-11-20 02:39:00,909.32,911.4,909.15,911.15,510.092
2025-11-20 02:42:00,911.14,911.17,908.5,909.68,612.396
2025-11-20 02:45:00,909.69,910.3,909.12,909.92,246.965
2025-11-20 02:48:00,909.93,911.36,909.68,910.98,837.185
2025-11-20 02:51:00,910.99,911.34,910.6,911.13,272.577
2025-11-20 02:54:00,911.13,912.68,910.87,912.13,488.216
2025-11-20 02:57:00,912.14,912.35,911.2,911.58,292.933
2025-11-20 03:00:00,911.57,911.84,910.8,911.52,395.788
2025-11-20 03:03:00,911.53,911.95,911.0,911.09,178.189
2025-11-20 03:06:00,911.09,911.5,910.6,910.6,333.771
2025-11-20 03:09:00,910.61,910.61,909.95,910.14,310.797
2025-11-20 03:12:00,910.15,910.8,909.8,910.36,619.807
2025-11-20 03:15:00,910.36,910.89,909.68,909.88,324.147
2025-11-20 03:18:00,909.89,912.9,909.79,912.85,1180.047
2025-11-20 03:21:00,912.85,914.0,912.18,913.05,1018.731
2025-11-20 03:24:00,913.06,913.06,911.6,911.68,189.215
2025-11-20 03:27:00,911.68,911.99,910.2,910.28,389.246
2025-11-20 03:30:00,910.28,911.7,910.18,911.12,255.28
2025-11-20 03:33:00,911.13,912.74,910.5,911.17,621.62
2025-11-20 03:36:00,911.17,911.38,909.55,909.56,387.974
2025-11-20 03:39:00,909.56,911.52,909.55,911.3,567.873
2025-11-20 03:42:00,911.3,911.53,910.6,910.91,865.398
2025-11-20 03:45:00,910.9,911.13,910.0,911.13,278.613
2025-11-20 03:48:00,911.14,911.49,909.88,911.07,548.496
2025-11-20 03:51:00,911.07,911.24,910.1,910.49,246.667
2025-11-20 03:54:00,910.5,910.5,908.6,909.39,667.786
2025-11-20 03:57:00,909.4,910.2,909.3,910.06,195.2
2025-11-20 04:00:00,910.06,911.0,909.41,909.85,250.455
2025-11-20 04:03:00,909.86,909.86,908.22,908.47,270.543
2025-11-20 04:06:00,908.46,908.7,906.9,907.39,707.802
2025-11-20 04:09:00,907.39,908.29,907.36,908.29,440.595
2025-11-20 04:12:00,908.29,909.08,908.29,908.35,190.662
2025-11-20 04:15:00,908.36,908.36,905.04,906.03,753.672
2025-11-20 04:18:00,906.04,906.91,905.11,906.61,569.461
2025-11-20 04:21:00,906.62,907.6,906.6,907.28,389.687
2025-11-20 04:24:00,907.29,907.35,906.41,907.11,193.462
2025-11-20 04:27:00,907.12,907.4,906.28,906.48,271.403
2025-11-20 04:30:00,906.47,907.88,906.44,907.09,281.756
2025-11-20 04:33:00,907.09,907.26,905.81,905.82,281.991
2025-11-20 04:36:00,905.82,907.35,905.78,906.35,301.627
2025-11-20 04:39:00,906.35,906.61,905.78,906.04,416.795
2025-11-20 04:42:00,906.04,907.06,905.84,906.72,507.926
2025-11-20 04:45:00,906.73,908.68,906.72,908.4,495.756
2025-11-20 04:48:00,908.41,910.32,908.22,910.31,844.788
2025-11-20 04:51:00,910.32,910.84,909.39,910.13,649.441
2025-11-20 04:54:00,910.13,910.83,909.35,910.41,492.093
2025-11-20 04:57:00,910.41,912.2,909.95,912.18,540.975
2025-11-20 05:00:00,912.19,912.5,910.59,911.01,806.556
2025-11-20 05:03:00,911.01,913.0,910.91,912.73,869.954
2025-11-20 05:06:00,912.74,914.6,912.12,913.48,429.908
2025-11-20 05:09:00,913.47,913.48,911.19,911.56,349.121
2025-11-20 05:12:00,911.57,911.82,911.0,911.53,174.147
2025-11-20 05:15:00,911.54,911.6,910.5,910.66,276.391
2025-11-20 05:18:00,910.65,910.9,909.9,909.9,354.854
2025-11-20 05:21:00,909.9,910.6,909.72,910.04,201.832
2025-11-20 05:24:00,910.04,910.4,909.6,909.6,363.491
2025-11-20 05:27:00,909.6,909.77,909.3,909.4,189.351
2025-11-20 05:30:00,909.41,909.7,908.73,909.06,771.149
2025-11-20 05:33:00,909.06,909.08,908.37,908.8,266.223
2025-11-20 05:36:00,908.79,908.8,908.04,908.36,248.238
2025-11-20 05:39:00,908.35,909.0,908.22,908.9,136.866
2025-11-20 05:42:00,908.89,908.9,908.4,908.77,254.151
2025-11-20 05:45:00,908.78,910.15,908.77,909.44,364.531
2025-11-20 05:48:00,909.44,909.44,908.0,908.91,273.97
2025-11-20 05:51:00,908.91,909.08,908.7,908.79,196.371
2025-11-20 05:54:00,908.78,909.07,908.28,908.29,268.369
2025-11-20 05:57:00,908.3,908.3,907.86,908.16,210.559
2025-11-20 06:00:00,908.17,908.8,907.91,907.97,239.887
2025-11-20 06:03:00,907.97,908.9,907.96,908.9,248.281
2025-11-20 06:06:00,908.89,909.9,908.89,909.4,508.311
2025-11-20 06:09:00,909.4,909.67,909.01,909.2,193.536
2025-11-20 06:12:00,909.2,909.2,908.43,908.89,225.694
2025-11-20 06:15:00,908.89,908.89,907.46,907.73,402.389
2025-11-20 06:18:00,907.73,908.04,907.32,907.33,257.406
2025-11-20 06:21:00,907.32,907.52,906.51,906.72,508.016
2025-11-20 06:24:00,906.72,906.92,906.17,906.52,291.636
2025-11-20 06:27:00,906.52,906.52,906.16,906.3,292.658
2025-11-20 06:30:00,906.29,906.91,905.44,906.04,1810.772
2025-11-20 06:33:00,906.04,906.51,905.52,906.31,550.315
2025-11-20 06:36:00,906.31,907.7,906.25,907.16,433.972
2025-11-20 06:39:00,907.15,907.15,905.6,905.61,383.759
2025-11-20 06:42:00,905.61,905.61,901.99,902.84,1656.947
2025-11-20 06:45:00,902.85,903.19,901.2,901.94,916.337
2025-11-20 06:48:00,901.94,902.2,900.1,900.31,1187.104
2025-11-20 06:51:00,900.31,901.12,899.39,901.12,1262.912
2025-11-20 06:54:00,901.12,902.64,900.83,902.49,580.07
2025-11-20 06:57:00,902.49,903.82,902.28,903.47,443.846
2025-11-20 07:00:00,903.47,903.7,902.53,903.08,434.13
2025-11-20 07:03:00,903.09,904.57,902.69,904.42,378.114
2025-11-20 07:06:00,904.41,904.42,902.9,903.79,387.199
2025-11-20 07:09:00,903.79,904.27,903.2,904.05,389.351
2025-11-20 07:12:00,904.05,904.4,902.81,904.1,655.742
2025-11-20 07:15:00,904.1,904.4,903.31,903.37,314.032
2025-11-20 07:18:00,903.37,904.49,903.1,904.4,266.441
2025-11-20 07:21:00,904.39,904.42,903.2,903.58,291.064
2025-11-20 07:24:00,903.58,904.8,903.2,904.79,210.357
2025-11-20 07:27:00,904.8,905.31,904.79,905.19,494.559
2025-11-20 07:30:00,905.19,906.03,905.04,905.2,338.153
2025-11-20 07:33:00,905.21,906.51,904.92,906.06,480.279
2025-11-20 07:36:00,906.07,906.2,904.88,905.81,203.147
2025-11-20 07:39:00,905.81,907.76,905.81,907.57,176.54
2025-11-20 07:42:00,907.57,907.83,906.6,907.07,176.889
2025-11-20 07:45:00,907.06,908.31,907.06,907.86,342.893
2025-11-20 07:48:00,907.86,908.24,907.73,907.8,224.927
2025-11-20 07:51:00,907.81,908.8,907.8,908.2,282.757
2025-11-20 07:54:00,908.21,908.75,908.1,908.59,117.078
2025-11-20 07:57:00,908.6,908.6,907.6,907.85,128.976
2025-11-20 08:00:00,907.85,907.85,907.01,907.3,216.751
2025-11-20 08:03:00,907.3,907.97,906.71,907.97,204.74
2025-11-20 08:06:00,907.96,908.87,907.41,907.57,176.737
2025-11-20 08:09:00,907.58,908.18,906.6,906.74,178.715
2025-11-20 08:12:00,906.74,906.74,905.55,905.55,160.609
2025-11-20 08:15:00,905.56,906.77,904.35,906.77,289.927
2025-11-20 08:18:00,906.77,907.0,906.59,906.85,129.761
2025-11-20 08:21:00,906.85,907.6,906.31,906.32,219.848
2025-11-20 08:24:00,906.32,906.77,905.8,906.27,158.754
2025-11-20 08:27:00,906.27,907.4,906.27,906.9,350.317
2025-11-20 08:30:00,906.9,907.23,905.7,905.96,236.025
2025-11-20 08:33:00,905.96,907.06,905.84,906.95,364.302
2025-11-20 08:36:00,906.94,907.69,906.94,907.36,170.879
2025-11-20 08:39:00,907.36,907.37,906.6,906.96,196.765
2025-11-20 08:42:00,906.96,907.15,906.4,906.99,198.926
2025-11-20 08:45:00,907.0,907.96,906.89,907.73,164.958
2025-11-20 08:48:00,907.73,907.74,906.92,906.92,116.718
2025-11-20 08:51:00,906.92,906.99,906.5,906.88,93.072
2025-11-20 08:54:00,906.89,907.19,905.69,905.89,256.125
2025-11-20 08:57:00,905.89,906.62,905.89,906.38,122.258
2025-11-20 09:00:00,906.38,906.59,906.09,906.27,70.884
2025-11-20 09:03:00,906.27,906.27,905.18,905.19,155.282
2025-11-20 09:06:00,905.19,905.99,905.02,905.6,316.446
2025-11-20 09:09:00,905.6,905.87,905.1,905.83,216.099
2025-11-20 09:12:00,905.83,905.87,904.83,904.84,373.635
2025-11-20 09:15:00,904.83,905.2,904.1,905.0,257.256
2025-11-20 09:18:00,905.0,905.0,903.66,903.86,213.33
2025-11-20 09:21:00,903.86,904.0,902.81,902.89,599.723
2025-11-20 09:24:00,902.89,903.55,902.45,903.12,714.008
2025-11-20 09:27:00,903.12,903.2,901.96,902.01,475.328
2025-11-20 09:30:00,902.01,902.89,901.97,902.82,713.426
2025-11-20 09:33:00,902.83,903.6,902.77,903.5,304.766
2025-11-20 09:36:00,903.5,903.5,902.73,902.96,319.034
2025-11-20 09:39:00,902.96,902.96,900.92,900.93,424.07
2025-11-20 09:42:00,900.93,901.2,900.1,900.91,602.606
2025-11-20 09:45:00,900.9,901.3,899.21,899.99,658.721
2025-11-20 09:48:00,899.98,900.34,898.26,898.67,644.908
2025-11-20 09:51:00,898.67,900.57,898.6,900.53,706.274
2025-11-20 09:54:00,900.53,901.6,899.8,901.0,445.617
2025-11-20 09:57:00,901.0,901.3,900.6,901.21,233.875
2025-11-20 10:00:00,901.22,901.7,900.73,901.55,184.248
2025-11-20 10:03:00,901.54,901.54,899.5,899.52,530.179
2025-11-20 10:06:00,899.51,899.9,898.81,898.81,517.336
2025-11-20 10:09:00,898.8,898.81,896.67,897.4,1240.935
2025-11-20 10:12:00,897.39,898.3,897.34,897.62,415.981
2025-11-20 10:15:00,897.63,898.2,897.4,897.94,217.967
2025-11-20 10:18:00,897.94,900.0,897.94,899.93,294.784
2025-11-20 10:21:00,899.93,900.0,899.19,899.76,305.272
2025-11-20 10:24:00,899.76,901.51,899.75,901.44,322.25
2025-11-20 10:27:00,901.44,901.83,901.14,901.29,282.872
2025-11-20 10:30:00,901.29,901.84,900.9,901.15,224.144
2025-11-20 10:33:00,901.15,901.23,900.16,900.4,155.64
2025-11-20 10:36:00,900.39,900.51,899.9,900.02,144.549
2025-11-20 10:39:00,900.02,900.02,899.27,899.28,116.834
2025-11-20 10:42:00,899.27,899.88,899.27,899.77,124.203
2025-11-20 10:45:00,899.77,900.1,899.5,899.51,294.503
2025-11-20 10:48:00,899.51,900.3,899.51,900.29,131.772
2025-11-20 10:51:00,900.3,900.98,900.3,900.6,218.001
2025-11-20 10:54:00,900.61,900.99,900.3,900.79,285.225
2025-11-20 10:57:00,900.79,901.3,900.79,900.9,158.02
2025-11-20 11:00:00,900.9,901.27,900.32,901.07,200.684
2025-11-20 11:03:00,901.06,901.26,900.55,900.56,286.692
2025-11-20 11:06:00,900.56,901.98,899.92,901.6,291.762
2025-11-20 11:09:00,901.61,902.38,901.61,902.38,127.369
2025-11-20 11:12:00,902.39,902.8,901.59,901.99,133.634
2025-11-20 11:15:00,902.0,902.0,901.0,901.23,134.633
2025-11-20 11:18:00,901.24,903.0,901.24,903.0,203.523
2025-11-20 11:21:00,903.0,903.02,901.11,901.25,142.275
2025-11-20 11:24:00,901.25,901.43,900.69,900.78,167.592
2025-11-20 11:27:00,900.77,900.78,899.9,900.1,259.733
2025-11-20 11:30:00,900.09,900.54,899.9,900.26,109.912
2025-11-20 11:33:00,900.26,901.17,899.6,901.16,248.565
2025-11-20 11:36:00,901.17,901.19,900.36,900.63,142.216
2025-11-20 11:39:00,900.63,901.63,900.62,901.33,287.582
2025-11-20 11:42:00,901.32,902.19,901.02,901.4,352.141
2025-11-20 11:45:00,901.4,901.79,901.1,901.5,118.25
2025-11-20 11:48:00,901.5,901.96,901.15,901.93,269.687
2025-11-20 11:51:00,901.93,902.79,901.52,902.66,222.053
2025-11-20 11:54:00,902.66,903.49,902.5,902.92,416.771
2025-11-20 11:57:00,902.93,902.98,902.31,902.31,226.55
2025-11-20 12:00:00,902.3,902.3,901.62,902.25,162.136
2025-11-20 12:03:00,902.25,902.25,901.78,901.78,138.464
2025-11-20 12:06:00,901.79,902.7,901.78,901.78,184.098
2025-11-20 12:09:00,901.78,902.84,901.78,902.74,253.188
2025-11-20 12:12:00,902.74,902.95,899.59,899.6,349.307
2025-11-20 12:15:00,899.6,900.0,899.17,899.6,266.153
2025-11-20 12:18:00,899.6,900.79,899.43,900.29,322.374
2025-11-20 12:21:00,900.28,901.5,900.24,900.95,380.893
2025-11-20 12:24:00,900.95,901.32,899.9,899.98,500.873
2025-11-20 12:27:00,899.99,901.32,899.98,900.59,268.011
2025-11-20 12:30:00,900.59,901.1,900.15,900.55,436.776
2025-11-20 12:33:00,900.55,902.51,900.55,902.15,377.812
2025-11-20 12:36:00,902.16,903.13,901.71,902.19,1964.544
2025-11-20 12:39:00,902.18,903.05,901.4,901.4,268.004
2025-11-20 12:42:00,901.4,901.4,900.2,900.69,164.414
2025-11-20 12:45:00,900.69,901.77,900.28,901.73,347.761
2025-11-20 12:48:00,901.72,904.0,901.72,903.16,278.304
2025-11-20 12:51:00,903.16,904.33,902.48,904.27,284.113
2025-11-20 12:54:00,904.26,904.6,903.64,904.48,447.237
2025-11-20 12:57:00,904.48,904.49,903.33,903.44,298.04
2025-11-20 13:00:00,903.45,903.52,901.94,902.68,265.559
2025-11-20 13:03:00,902.68,903.88,901.42,903.16,272.971
2025-11-20 13:06:00,903.15,903.4,902.1,902.49,237.74
2025-11-20 13:09:00,902.5,903.04,902.05,902.1,440.923
2025-11-20 13:12:00,902.1,903.88,901.76,903.78,190.996
2025-11-20 13:15:00,903.79,904.21,902.96,903.5,625.58
2025-11-20 13:18:00,903.5,903.82,901.0,901.5,224.832
2025-11-20 13:21:00,901.5,901.8,899.96,900.08,511.836
2025-11-20 13:24:00,900.05,901.5,900.0,901.46,353.659
2025-11-20 13:27:00,901.47,903.13,899.86,901.51,481.234
2025-11-20 13:30:00,901.51,909.0,901.18,903.9,3805.685
2025-11-20 13:33:00,903.89,904.0,898.58,900.0,962.05
2025-11-20 13:36:00,899.99,902.57,898.58,901.8,412.654
2025-11-20 13:39:00,901.81,902.32,899.04,900.32,601.49
2025-11-20 13:42:00,900.34,900.39,898.21,898.28,622.227
2025-11-20 13:45:00,898.32,900.06,897.0,899.34,1605.259
2025-11-20 13:48:00,899.33,901.42,898.41,901.41,433.165
2025-11-20 13:51:00,901.41,902.49,901.08,901.83,682.767
2025-11-20 13:54:00,901.84,902.34,900.73,900.96,401.663
2025-11-20 13:57:00,900.96,901.0,899.29,899.3,403.779
2025-11-20 14:00:00,899.3,899.37,895.48,896.74,1521.181
2025-11-20 14:03:00,896.74,897.5,894.03,894.37,1377.418
2025-11-20 14:06:00,894.37,896.2,892.39,892.95,955.373
2025-11-20 14:09:00,892.94,893.6,890.68,892.72,2171.238
2025-11-20 14:12:00,892.73,893.25,891.7,892.11,1017.514
2025-11-20 14:15:00,892.11,894.17,891.76,894.03,607.882
2025-11-20 14:18:00,894.04,900.96,894.04,898.82,1459.051
2025-11-20 14:21:00,898.83,900.05,897.95,898.28,895.069
2025-11-20 14:24:00,898.29,901.8,898.03,901.16,875.592
2025-11-20 14:27:00,901.16,901.44,899.81,900.73,497.789
2025-11-20 14:30:00,900.73,903.44,898.81,900.42,1260.933
2025-11-20 14:33:00,900.41,901.82,898.39,900.33,799.839
2025-11-20 14:36:00,900.33,902.0,898.77,900.25,527.294
2025-11-20 14:39:00,900.25,900.25,895.0,895.43,1354.121
2025-11-20 14:42:00,895.44,897.8,894.93,896.31,1710.701
2025-11-20 14:45:00,896.31,898.2,894.8,897.91,872.122
2025-11-20 14:48:00,897.92,897.96,894.08,896.0,654.988
2025-11-20 14:51:00,895.99,897.73,895.56,896.55,565.214
2025-11-20 14:54:00,896.56,899.77,896.1,899.28,614.779
2025-11-20 14:57:00,899.28,899.28,898.11,898.26,246.884
2025-11-20 15:00:00,898.27,898.77,894.67,894.84,418.668
2025-11-20 15:03:00,894.87,896.57,894.2,895.1,256.095
2025-11-20 15:06:00,895.11,895.18,890.09,893.57,2120.413
2025-11-20 15:09:00,893.56,895.1,892.48,893.5,554.42
2025-11-20 15:12:00,893.51,894.16,891.71,892.47,302.914
2025-11-20 15:15:00,892.48,893.68,891.7,893.68,616.713
2025-11-20 15:18:00,893.67,895.16,892.73,894.66,484.423
2025-11-20 15:21:00,894.66,897.47,893.3,897.13,590.2
2025-11-20 15:24:00,897.13,897.53,896.13,896.85,554.765
2025-11-20 15:27:00,896.85,896.85,895.0,896.3,239.968
2025-11-20 15:30:00,896.3,897.0,894.76,895.61,711.684
2025-11-20 15:33:00,895.61,895.61,893.4,894.49,330.246
2025-11-20 15:36:00,894.49,897.3,894.49,896.49,443.276
2025-11-20 15:39:00,896.5,896.5,894.06,894.48,231.125
2025-11-20 15:42:00,894.48,896.1,894.2,895.83,298.623
2025-11-20 15:45:00,895.83,895.97,893.91,893.95,369.637
2025-11-20 15:48:00,893.95,893.95,892.0,892.18,691.759
2025-11-20 15:51:00,892.18,893.11,891.23,893.0,552.726
2025-11-20 15:54:00,892.99,893.3,891.81,892.01,360.931
2025-11-20 15:57:00,892.0,893.5,888.95,889.96,1237.632
2025-11-20 16:00:00,889.97,890.56,888.85,889.41,834.023
2025-11-20 16:03:00,889.4,889.6,884.68,885.8,2744.201
2025-11-20 16:06:00,885.79,887.5,879.1,882.3,4503.289
2025-11-20 16:09:00,882.3,882.55,879.84,881.13,1353.582
2025-11-20 16:12:00,881.12,882.23,876.9,879.47,4000.652
2025-11-20 16:15:00,879.48,882.68,878.2,880.71,2162.05
2025-11-20 16:18:00,880.7,882.36,878.2,880.32,2234.273
2025-11-20 16:21:00,880.32,881.28,877.06,879.07,2135.246
2025-11-20 16:24:00,879.06,883.96,878.11,883.96,1638.927
2025-11-20 16:27:00,883.95,887.23,881.61,881.99,1231.023
2025-11-20 16:30:00,881.99,883.65,880.2,880.97,1003.232
2025-11-20 16:33:00,880.96,882.63,880.16,881.28,678.951
2025-11-20 16:36:00,881.23,882.0,877.38,878.96,1354.319
2025-11-20 16:39:00,878.96,880.5,877.54,878.07,1319.861
2025-11-20 16:42:00,878.07,880.79,877.3,877.7,797.783
2025-11-20 16:45:00,877.69,880.04,877.02,879.75,860.511
2025-11-20 16:48:00,879.75,881.5,877.75,879.72,1005.527
2025-11-20 16:51:00,879.72,882.15,878.49,879.6,1419.329
2025-11-20 16:54:00,879.6,879.8,877.14,877.68,1137.741
2025-11-20 16:57:00,877.67,880.2,877.21,880.15,1034.533
2025-11-20 17:00:00,880.15,882.57,878.01,878.01,915.549
2025-11-20 17:03:00,878.0,878.85,876.34,876.8,1334.566
2025-11-20 17:06:00,876.8,879.23,873.38,877.69,2724.466
2025-11-20 17:09:00,877.69,877.9,871.55,871.84,1428.488
2025-11-20 17:12:00,871.83,874.03,870.65,872.43,2499.035
2025-11-20 17:15:00,872.43,873.67,869.4,870.08,3013.175
2025-11-20 17:18:00,870.07,875.09,869.56,874.17,1526.461
2025-11-20 17:21:00,874.16,878.17,873.89,876.0,1327.911
2025-11-20 17:24:00,876.01,877.25,872.13,874.85,1726.005
2025-11-20 17:27:00,874.84,876.23,873.51,875.24,1059.942
2025-11-20 17:30:00,875.23,878.12,873.62,874.23,1097.089
2025-11-20 17:33:00,874.19,877.17,873.31,876.94,891.035
2025-11-20 17:36:00,876.89,880.98,875.05,880.49,1214.168
2025-11-20 17:39:00,880.49,881.38,877.46,877.83,1419.872
2025-11-20 17:42:00,877.83,877.87,875.49,876.4,751.589
2025-11-20 17:45:00,876.39,877.35,875.43,875.79,701.978
2025-11-20 17:48:00,875.8,877.51,874.0,876.4,745.575
2025-11-20 17:51:00,876.39,878.38,875.3,875.3,1972.911
2025-11-20 17:54:00,875.31,879.81,874.75,879.17,817.365
2025-11-20 17:57:00,879.2,880.21,878.69,878.95,648.759
2025-11-20 18:00:00,878.94,878.94,874.43,875.81,1051.541
2025-11-20 18:03:00,875.83,878.13,875.79,877.91,3531.109
2025-11-20 18:06:00,877.91,882.0,877.91,880.09,1238.448
2025-11-20 18:09:00,880.09,882.29,879.31,880.33,1166.686
2025-11-20 18:12:00,880.32,882.85,879.53,882.7,889.101
2025-11-20 18:15:00,882.71,882.91,878.53,879.9,976.67
2025-11-20 18:18:00,879.89,880.76,878.25,879.8,567.635
2025-11-20 18:21:00,879.8,880.57,877.0,878.4,2155.137
2025-11-20 18:24:00,878.4,878.8,877.01,877.64,437.044
2025-11-20 18:27:00,877.65,878.34,877.06,877.46,287.723
2025-11-20 18:30:00,877.45,878.71,876.5,876.5,619.349
2025-11-20 18:33:00,876.5,877.22,874.7,876.4,912.914
2025-11-20 18:36:00,876.4,876.4,875.16,876.19,283.013
2025-11-20 18:39:00,876.2,876.76,874.34,875.29,551.065
2025-11-20 18:42:00,875.29,876.62,874.9,875.19,373.253
2025-11-20 18:45:00,875.2,875.2,873.5,874.61,756.715
2025-11-20 18:48:00,874.62,875.2,872.84,873.41,975.16
2025-11-20 18:51:00,873.42,874.7,872.9,873.08,802.694
2025-11-20 18:54:00,873.09,873.99,872.78,873.14,334.169
2025-11-20 18:57:00,873.13,875.29,873.1,873.41,540.447
2025-11-20 19:00:00,873.4,873.47,868.3,868.31,2746.049
2025-11-20 19:03:00,868.31,870.89,868.31,870.76,1401.053
2025-11-20 19:06:00,870.75,871.49,869.15,870.24,548.086
2025-11-20 19:09:00,870.25,873.46,870.2,872.73,801.514
2025-11-20 19:12:00,872.72,873.47,870.81,871.39,1001.413
2025-11-20 19:15:00,871.39,871.8,869.41,871.24,578.107
2025-11-20 19:18:00,871.24,873.26,871.22,872.75,672.86
2025-11-20 19:21:00,872.74,875.38,872.64,874.99,379.999
2025-11-20 19:24:00,874.98,878.99,874.07,878.12,916.82
2025-11-20 19:27:00,878.11,879.2,876.75,876.95,640.178
2025-11-20 19:30:00,876.95,876.95,874.8,874.8,424.05
2025-11-20 19:33:00,874.79,876.44,874.61,875.91,440.627
2025-11-20 19:36:00,875.91,877.46,874.1,874.1,252.416
2025-11-20 19:39:00,874.09,874.72,873.88,874.58,272.687
2025-11-20 19:42:00,874.58,876.11,874.0,875.7,297.976
2025-11-20 19:45:00,875.7,876.56,875.12,876.1,233.444
2025-11-20 19:48:00,876.1,877.8,875.3,877.37,252.038
2025-11-20 19:51:00,877.38,878.83,876.97,878.07,515.782
2025-11-20 19:54:00,878.08,880.43,878.01,879.68,468.056
2025-11-20 19:57:00,879.7,881.99,879.69,880.44,370.973
2025-11-20 20:00:00,880.44,880.44,878.41,878.6,249.013
2025-11-20 20:03:00,878.59,879.3,878.2,878.95,398.394
2025-11-20 20:06:00,878.95,880.0,877.62,877.78,405.292
2025-11-20 20:09:00,877.78,877.9,876.39,876.39,482.893
2025-11-20 20:12:00,876.39,876.39,874.31,874.48,571.99
2025-11-20 20:15:00,874.49,876.01,874.31,875.84,479.364
2025-11-20 20:18:00,875.83,877.03,875.4,876.94,419.701
2025-11-20 20:21:00,876.94,880.67,876.94,879.4,678.126
2025-11-20 20:24:00,879.41,879.44,877.18,877.63,426.926
2025-11-20 20:27:00,877.62,881.12,877.43,880.91,415.209
2025-11-20 20:30:00,880.92,882.61,880.24,880.69,768.285
2025-11-20 20:33:00,880.69,881.24,877.61,878.3,808.134
2025-11-20 20:36:00,878.3,878.53,876.79,877.28,512.376
2025-11-20 20:39:00,877.28,877.99,876.2,877.0,560.931
2025-11-20 20:42:00,877.0,877.37,876.04,876.91,406.642
2025-11-20 20:45:00,876.9,877.24,875.8,876.53,412.348
2025-11-20 20:48:00,876.53,878.79,876.14,877.65,548.85
2025-11-20 20:51:00,877.64,877.64,876.04,876.83,317.618
2025-11-20 20:54:00,876.83,876.83,875.06,875.06,557.814
2025-11-20 20:57:00,875.07,875.55,874.1,874.59,712.924
2025-11-20 21:00:00,874.6,876.6,874.37,876.27,640.642
2025-11-20 21:03:00,876.27,877.69,876.04,877.48,351.266
2025-11-20 21:06:00,877.48,877.56,875.6,876.57,440.06
2025-11-20 21:09:00,876.58,877.3,876.09,876.28,454.949
2025-11-20 21:12:00,876.28,876.46,875.79,875.96,681.499
2025-11-20 21:15:00,875.95,877.39,875.72,876.26,475.753
2025-11-20 21:18:00,876.26,879.62,876.18,879.61,583.841
2025-11-20 21:21:00,879.62,881.4,879.47,879.7,534.054
2025-11-20 21:24:00,879.7,880.1,878.26,878.37,527.974
2025-11-20 21:27:00,878.37,878.38,876.06,876.26,363.738
2025-11-20 21:30:00,876.27,877.3,874.9,877.29,542.714
2025-11-20 21:33:00,877.3,878.74,877.22,878.26,698.958
2025-11-20 21:36:00,878.26,879.2,877.6,877.83,608.396
2025-11-20 21:39:00,877.82,879.62,877.69,879.62,369.901
2025-11-20 21:42:00,879.62,880.35,879.3,880.35,359.1
2025-11-20 21:45:00,880.34,882.19,879.0,882.18,1449.118
2025-11-20 21:48:00,882.19,882.19,879.9,880.43,654.581
2025-11-20 21:51:00,880.43,880.49,877.29,878.34,3255.734
2025-11-20 21:54:00,878.34,878.41,877.8,877.82,373.363
2025-11-20 21:57:00,877.82,877.82,876.98,877.18,813.94
2025-11-20 22:00:00,877.18,877.5,875.7,877.5,730.987
2025-11-20 22:03:00,877.49,878.19,876.92,877.56,571.395
2025-11-20 22:06:00,877.56,880.14,877.56,879.94,1120.052
2025-11-20 22:09:00,879.94,881.88,879.94,881.3,701.068
2025-11-20 22:12:00,881.31,882.85,880.9,881.32,802.266
2025-11-20 22:15:00,881.32,883.0,881.24,882.11,587.643
2025-11-20 22:18:00,882.12,882.12,880.47,881.92,418.618
2025-11-20 22:21:00,881.91,882.16,880.14,880.89,377.703
2025-11-20 22:24:00,880.9,882.55,880.34,880.51,810.089
2025-11-20 22:27:00,880.51,881.6,880.43,881.57,454.379
2025-11-20 22:30:00,881.57,883.34,880.32,882.21,744.454
2025-11-20 22:33:00,882.21,882.28,878.6,878.71,560.121
2025-11-20 22:36:00,878.72,880.2,878.72,879.81,435.869
2025-11-20 22:39:00,879.82,881.2,879.73,881.07,554.59
2025-11-20 22:42:00,881.08,882.56,880.61,881.08,646.357
2025-11-20 22:45:00,881.08,883.52,881.08,883.45,601.45
2025-11-20 22:48:00,883.45,883.61,881.7,881.7,361.15
2025-11-20 22:51:00,881.7,882.17,881.02,881.83,365.661
2025-11-20 22:54:00,881.84,882.16,881.1,881.11,408.453
2025-11-20 22:57:00,881.11,881.9,880.62,880.63,395.742
2025-11-20 23:00:00,880.62,880.62,877.6,877.66,685.562
2025-11-20 23:03:00,877.65,878.52,876.68,876.91,670.7
2025-11-20 23:06:00,876.91,877.08,876.09,876.84,392.337
2025-11-20 23:09:00,876.84,877.54,875.3,875.69,528.657
2025-11-20 23:12:00,875.69,876.9,874.83,876.78,428.605
2025-11-20 23:15:00,876.79,877.29,876.3,877.28,267.493
2025-11-20 23:18:00,877.29,877.3,874.42,874.77,351.939
2025-11-20 23:21:00,874.77,875.39,874.2,875.2,324.846
2025-11-20 23:24:00,875.2,876.12,874.73,875.01,236.364
2025-11-20 23:27:00,875.0,875.37,874.8,875.04,172.841
2025-11-20 23:30:00,875.03,875.07,874.14,874.25,256.727
2025-11-20 23:33:00,874.25,875.13,872.9,872.91,572.413
2025-11-20 23:36:00,872.9,872.9,869.2,869.56,1376.601
2025-11-20 23:39:00,869.56,871.5,868.56,870.89,684.928
2025-11-20 23:42:00,870.9,871.83,870.39,870.74,476.763
2025-11-20 23:45:00,870.74,871.68,870.0,871.35,381.908
2025-11-20 23:48:00,871.34,871.34,869.47,869.73,351.747
2025-11-20 23:51:00,869.72,869.94,865.57,866.71,2030.947
2025-11-20 23:54:00,866.71,868.25,865.57,867.42,876.501
2025-11-20 23:57:00,867.42,867.67,865.61,866.51,405.7
2025-11-21 00:00:00,866.51,869.55,866.07,869.29,1225.342
2025-11-21 00:03:00,869.3,869.72,864.27,868.8,2047.871
2025-11-21 00:06:00,868.78,869.98,868.11,869.31,706.062
2025-11-21 00:09:00,869.3,871.08,869.11,870.9,565.217
2025-11-21 00:12:00,870.9,871.2,870.0,871.1,372.471
2025-11-21 00:15:00,871.1,872.35,870.38,872.35,455.772
2025-11-21 00:18:00,872.35,872.9,869.41,870.62,389.248
2025-11-21 00:21:00,870.62,870.63,868.12,868.59,618.609
2025-11-21 00:24:00,868.58,870.79,868.3,870.06,411.027
2025-11-21 00:27:00,870.07,870.37,869.11,869.48,452.89
2025-11-21 00:30:00,869.47,870.31,867.33,867.33,489.326
2025-11-21 00:33:00,867.34,867.99,865.41,867.19,1625.81
2025-11-21 00:36:00,867.18,869.7,866.55,869.54,445.664
2025-11-21 00:39:00,869.53,869.79,867.42,869.0,507.282
2025-11-21 00:42:00,869.01,869.2,865.9,866.2,485.13
2025-11-21 00:45:00,866.2,868.2,866.0,867.7,1309.964
2025-11-21 00:48:00,867.7,868.27,866.65,867.78,671.238
2025-11-21 00:51:00,867.78,868.69,867.4,867.7,508.871
2025-11-21 00:54:00,867.69,869.49,867.51,868.6,495.169
2025-11-21 00:57:00,868.6,869.49,867.8,868.8,423.831
2025-11-21 01:00:00,868.79,871.67,868.4,869.82,983.809
2025-11-21 01:03:00,869.82,873.47,869.6,873.28,768.066
2025-11-21 01:06:00,873.27,873.3,871.0,871.87,775.005
2025-11-21 01:09:00,871.87,871.87,869.23,870.33,585.113
2025-11-21 01:12:00,870.34,870.8,869.55,870.48,337.341
2025-11-21 01:15:00,870.48,871.49,869.44,869.52,428.434
2025-11-21 01:18:00,869.52,870.23,867.1,867.67,383.905
2025-11-21 01:21:00,867.68,872.99,867.68,872.99,548.026
2025-11-21 01:24:00,872.98,877.33,871.45,876.85,1195.094
2025-11-21 01:27:00,876.86,877.18,874.2,874.8,1334.211
2025-11-21 01:30:00,874.8,875.2,871.99,872.11,389.577
2025-11-21 01:33:00,872.12,873.15,871.01,871.43,264.671
2025-11-21 01:36:00,871.47,873.39,871.0,872.75,537.079
2025-11-21 01:39:00,872.73,873.3,872.14,872.6,303.103
2025-11-21 01:42:00,872.6,873.28,872.35,872.72,328.067
2025-11-21 01:45:00,872.71,873.6,871.56,873.2,367.247
2025-11-21 01:48:00,873.19,873.5,872.41,873.5,285.409
2025-11-21 01:51:00,873.5,874.0,871.0,871.1,290.393
2025-11-21 01:54:00,871.09,872.25,871.09,871.46,287.216
2025-11-21 01:57:00,871.46,872.66,871.23,871.89,187.631
2025-11-21 02:00:00,871.89,872.0,870.37,870.57,807.413
2025-11-21 02:03:00,870.56,871.5,869.07,869.18,605.817
2025-11-21 02:06:00,869.18,869.96,868.0,868.74,627.612
2025-11-21 02:09:00,868.73,868.89,865.9,866.56,2453.934
2025-11-21 02:12:00,866.57,867.33,864.24,865.1,1110.646
2025-11-21 02:15:00,865.11,866.02,863.58,863.58,1128.711
2025-11-21 02:18:00,863.59,865.53,861.7,865.26,1700.002
2025-11-21 02:21:00,865.26,869.44,865.26,868.2,1347.005
2025-11-21 02:24:00,868.2,869.39,866.44,867.33,755.66
2025-11-21 02:27:00,867.33,867.8,866.39,866.4,279.641
2025-11-21 02:30:00,866.39,867.55,864.53,865.35,923.065
2025-11-21 02:33:00,865.36,867.88,864.92,866.35,780.95
2025-11-21 02:36:00,866.34,867.95,865.34,867.16,758.34
2025-11-21 02:39:00,867.17,868.18,865.37,867.15,729.271
2025-11-21 02:42:00,867.14,867.7,863.57,863.7,1197.518
2025-11-21 02:45:00,863.69,867.28,863.54,866.77,777.187
2025-11-21 02:48:00,866.78,869.04,866.24,867.08,731.316
2025-11-21 02:51:00,867.12,867.15,862.31,863.16,1265.339
2025-11-21 02:54:00,863.16,864.79,861.0,861.71,1690.715
2025-11-21 02:57:00,861.71,862.26,856.01,858.15,6449.21
2025-11-21 03:00:00,858.11,861.27,855.45,859.8,2442.472
2025-11-21 03:03:00,859.8,865.88,858.69,865.38,1530.444
2025-11-21 03:06:00,865.37,867.09,864.64,866.18,1016.014
2025-11-21 03:09:00,866.17,866.48,863.47,864.79,540.861
2025-11-21 03:12:00,864.8,865.28,862.45,863.19,497.599
2025-11-21 03:15:00,863.2,864.55,860.13,861.08,713.675
2025-11-21 03:18:00,861.1,861.62,859.53,860.85,962.127
2025-11-21 03:21:00,860.85,863.1,860.85,862.28,475.155
2025-11-21 03:24:00,862.24,862.24,860.08,861.61,407.655
2025-11-21 03:27:00,861.61,863.4,861.51,863.04,337.014
2025-11-21 03:30:00,863.03,864.04,862.43,863.53,336.278
2025-11-21 03:33:00,863.53,863.62,860.41,861.0,451.113
2025-11-21 03:36:00,861.01,865.54,861.01,863.65,647.463
2025-11-21 03:39:00,863.65,866.7,862.97,866.41,899.23
2025-11-21 03:42:00,866.4,867.51,866.11,866.44,454.952
2025-11-21 03:45:00,866.45,866.71,865.28,866.0,641.552
2025-11-21 03:48:00,866.0,866.19,865.11,865.72,434.534
2025-11-21 03:51:00,865.73,866.23,865.05,865.4,566.189
2025-11-21 03:54:00,865.39,865.49,864.07,864.2,425.213
2025-11-21 03:57:00,864.2,865.37,863.36,863.36,360.556
2025-11-21 04:00:00,863.35,863.88,862.01,863.59,361.432
2025-11-21 04:03:00,863.6,864.71,862.37,862.37,298.934
2025-11-21 04:06:00,862.37,864.55,862.01,862.03,464.532
2025-11-21 04:09:00,862.03,863.1,861.7,863.04,591.527
2025-11-21 04:12:00,863.04,864.26,862.7,863.17,407.061
2025-11-21 04:15:00,863.17,863.9,861.68,862.39,540.903
2025-11-21 04:18:00,862.4,863.54,861.08,863.53,368.29
2025-11-21 04:21:00,863.54,864.09,861.16,861.9,394.278
2025-11-21 04:24:00,861.91,864.0,861.23,864.0,219.372
2025-11-21 04:27:00,863.99,864.36,863.4,863.63,208.173
2025-11-21 04:30:00,863.63,864.2,858.68,858.82,3243.453
2025-11-21 04:33:00,858.82,860.43,858.43,859.32,551.186
2025-11-21 04:36:00,859.33,860.28,858.05,858.63,702.809
2025-11-21 04:39:00,858.56,859.18,855.0,858.97,3854.737
2025-11-21 04:42:00,858.97,865.68,858.8,863.78,1124.117
2025-11-21 04:45:00,863.77,865.38,861.32,861.69,708.464
2025-11-21 04:48:00,861.69,863.13,861.68,863.13,491.311
2025-11-21 04:51:00,863.15,864.83,862.97,864.3,805.978
2025-11-21 04:54:00,864.31,866.4,864.31,865.89,1193.087
2025-11-21 04:57:00,865.9,866.39,862.01,864.46,3101.166
2025-11-21 05:00:00,864.47,865.53,863.17,864.39,1110.726
2025-11-21 05:03:00,864.4,864.78,863.12,863.58,715.494
2025-11-21 05:06:00,863.58,867.0,863.36,863.53,597.151
2025-11-21 05:09:00,863.53,864.79,863.53,864.09,623.18
2025-11-21 05:12:00,864.1,865.58,863.79,865.43,440.137
2025-11-21 05:15:00,865.42,866.76,864.69,865.58,1339.143
2025-11-21 05:18:00,865.58,865.9,864.39,864.78,390.382
2025-11-21 05:21:00,864.79,865.65,864.0,864.52,900.445
2025-11-21 05:24:00,864.52,865.28,863.73,865.25,337.428
2025-11-21 05:27:00,865.25,865.25,864.42,864.83,215.274
2025-11-21 05:30:00,864.8,866.23,864.48,865.21,818.657
2025-11-21 05:33:00,865.21,865.87,864.56,864.61,727.484
2025-11-21 05:36:00,864.6,864.6,862.06,862.11,636.214
2025-11-21 05:39:00,862.12,862.25,861.0,861.88,362.222
2025-11-21 05:42:00,861.88,863.14,861.61,862.14,437.391
2025-11-21 05:45:00,862.14,862.75,860.84,862.39,1376.1
2025-11-21 05:48:00,862.39,862.49,860.56,861.32,254.499
2025-11-21 05:51:00,861.32,861.9,861.06,861.16,143.987
2025-11-21 05:54:00,861.16,862.35,860.31,861.01,371.574
2025-11-21 05:57:00,861.01,862.2,860.94,861.98,161.424
2025-11-21 06:00:00,861.99,862.95,859.74,860.04,621.583
2025-11-21 06:03:00,860.08,860.4,859.28,859.45,476.998
2025-11-21 06:06:00,859.45,860.54,857.33,858.08,433.299
2025-11-21 06:09:00,858.09,859.6,857.94,858.69,655.753
2025-11-21 06:12:00,858.7,860.8,858.7,859.64,980.439
2025-11-21 06:15:00,859.64,860.17,858.29,859.0,331.444
2025-11-21 06:18:00,859.0,859.28,855.64,855.76,3159.766
2025-11-21 06:21:00,855.76,856.61,853.92,854.09,3309.085
2025-11-21 06:24:00,854.09,855.77,853.0,855.59,1951.159
2025-11-21 06:27:00,855.59,855.79,853.22,853.58,398.486
2025-11-21 06:30:00,853.57,853.97,852.33,853.2,752.57
2025-11-21 06:33:00,853.21,854.91,853.16,854.07,668.082
2025-11-21 06:36:00,854.07,854.4,851.36,851.56,1659.688
2025-11-21 06:39:00,851.56,855.0,851.43,853.69,606.616
2025-11-21 06:42:00,853.7,855.6,853.7,854.51,636.193
2025-11-21 06:45:00,854.5,854.8,852.99,853.76,694.596
2025-11-21 06:48:00,853.75,855.58,853.66,854.59,937.632
2025-11-21 06:51:00,854.58,855.54,853.24,853.41,620.675
2025-11-21 06:54:00,853.41,854.62,852.21,852.89,875.135
2025-11-21 06:57:00,852.88,853.4,852.4,852.41,508.223
2025-11-21 07:00:00,852.4,853.4,851.38,851.57,556.975
2025-11-21 07:03:00,851.57,854.28,850.1,852.6,1860.899
2025-11-21 07:06:00,852.6,853.2,851.3,851.63,607.728
2025-11-21 07:09:00,851.64,852.17,850.54,851.1,452.477
2025-11-21 07:12:00,851.1,851.2,850.01,850.75,2016.702
2025-11-21 07:15:00,850.76,851.44,850.0,850.38,8365.244
2025-11-21 07:18:00,850.38,851.42,847.32,847.42,5493.135
2025-11-21 07:21:00,847.37,849.0,847.0,847.87,2115.073
2025-11-21 07:24:00,847.87,849.51,847.7,847.82,879.567
2025-11-21 07:27:00,847.82,848.59,847.17,847.68,1793.52
2025-11-21 07:30:00,847.69,848.0,842.56,843.14,6140.715
2025-11-21 07:33:00,843.13,843.26,807.24,825.8,43049.796
2025-11-21 07:36:00,825.79,832.16,821.78,831.91,9766.531
2025-11-21 07:39:00,831.91,836.61,829.58,835.41,5791.126
2025-11-21 07:42:00,835.42,839.61,832.41,838.26,5382.365
2025-11-21 07:45:00,838.26,838.82,835.0,836.35,5022.508
2025-11-21 07:48:00,836.34,837.92,832.83,836.99,4028.242
2025-11-21 07:51:00,837.0,837.13,832.19,833.29,1805.649
2025-11-21 07:54:00,833.3,834.25,830.85,833.55,2591.917
2025-11-21 07:57:00,833.55,833.64,830.68,832.03,1715.851
2025-11-21 08:00:00,832.03,832.72,830.3,830.83,2267.498
2025-11-21 08:03:00,830.84,833.32,828.28,832.97,3367.4
2025-11-21 08:06:00,832.97,836.03,832.13,834.01,2259.182
2025-11-21 08:09:00,834.0,838.48,832.62,836.64,1808.413
2025-11-21 08:12:00,836.63,839.21,835.41,836.08,1669.115
2025-11-21 08:15:00,836.07,839.92,835.64,838.7,1663.965
2025-11-21 08:18:00,838.71,839.68,835.87,837.77,2236.635
2025-11-21 08:21:00,837.77,838.65,835.39,838.11,1476.636
2025-11-21 08:24:00,838.12,839.07,835.62,835.78,1510.458
2025-11-21 08:27:00,835.78,836.7,834.7,834.99,1124.85
2025-11-21 08:30:00,834.99,837.95,834.8,837.53,1178.01
2025-11-21 08:33:00,837.53,837.9,832.56,833.34,1122.891
2025-11-21 08:36:00,833.34,833.34,830.25,831.06,1446.212
2025-11-21 08:39:00,831.06,831.8,830.0,830.96,1343.388
2025-11-21 08:42:00,830.96,831.18,829.21,830.16,1326.224
2025-11-21 08:45:00,830.16,832.19,829.37,831.85,850.865
2025-11-21 08:48:00,831.85,832.0,828.05,828.89,2444.666
2025-11-21 08:51:00,828.9,831.42,828.56,830.3,1870.648
2025-11-21 08:54:00,830.3,831.47,828.06,831.36,2072.464
2025-11-21 08:57:00,831.36,831.82,829.62,830.01,1361.017
2025-11-21 09:00:00,830.0,833.8,830.0,833.73,1001.396
2025-11-21 09:03:00,833.73,835.5,833.73,833.83,546.301
2025-11-21 09:06:00,833.84,834.52,832.17,832.69,567.032
2025-11-21 09:09:00,832.7,834.96,831.73,834.75,814.848
2025-11-21 09:12:00,834.75,835.5,832.64,833.29,1420.226
2025-11-21 09:15:00,833.3,834.05,830.65,831.81,747.868
2025-11-21 09:18:00,831.8,831.83,825.0,828.17,6773.314
2025-11-21 09:21:00,828.17,829.3,824.77,827.3,3775.159
2025-11-21 09:24:00,827.3,827.93,824.64,825.2,1618.966
2025-11-21 09:27:00,825.19,825.94,822.52,824.09,1896.948
2025-11-21 09:30:00,824.08,825.36,821.77,822.77,3167.018
2025-11-21 09:33:00,822.76,823.65,821.54,822.9,1691.223
2025-11-21 09:36:00,822.9,823.18,820.02,820.03,2495.815
2025-11-21 09:39:00,820.03,821.0,816.19,816.99,4663.424
2025-11-21 09:42:00,816.99,819.19,816.06,818.43,4375.923
2025-11-21 09:45:00,818.43,819.27,816.41,819.05,2046.115
2025-11-21 09:48:00,819.04,819.87,815.65,816.42,1770.528
2025-11-21 09:51:00,816.42,816.72,812.8,812.88,2422.745
2025-11-21 09:54:00,812.89,816.25,812.62,815.89,4434.405
2025-11-21 09:57:00,815.9,816.25,812.5,812.5,1265.795
2025-11-21 10:00:00,812.5,813.0,810.76,811.13,4179.213
2025-11-21 10:03:00,811.13,815.38,807.06,811.9,6451.312
2025-11-21 10:06:00,811.9,812.19,802.55,810.78,8890.045
2025-11-21 10:09:00,810.84,815.74,810.73,813.37,4531.134
2025-11-21 10:12:00,813.37,814.57,808.08,809.57,2614.191
2025-11-21 10:15:00,809.57,812.84,805.62,810.14,3054.808
2025-11-21 10:18:00,810.14,810.6,807.16,809.0,2227.699
2025-11-21 10:21:00,808.99,810.59,805.42,806.64,1833.897
2025-11-21 10:24:00,806.64,812.69,806.52,809.5,2511.166
2025-11-21 10:27:00,809.49,809.92,806.59,808.11,2122.994
2025-11-21 10:30:00,808.11,810.62,807.76,810.28,3573.629
2025-11-21 10:33:00,810.28,814.86,809.51,812.83,1974.497
2025-11-21 10:36:00,812.82,817.83,812.7,817.18,4699.784
2025-11-21 10:39:00,817.18,818.42,815.44,815.99,3058.904
2025-11-21 10:42:00,815.99,816.0,814.72,815.73,779.439
2025-11-21 10:45:00,815.72,816.42,812.14,814.2,1294.231
2025-11-21 10:48:00,814.21,814.27,812.09,812.69,558.308
2025-11-21 10:51:00,812.68,815.81,812.21,814.75,746.822
2025-11-21 10:54:00,814.75,814.75,812.16,812.18,436.938
2025-11-21 10:57:00,812.18,813.09,812.08,812.41,662.703
2025-11-21 11:00:00,812.42,815.41,809.84,813.98,1910.921
2025-11-21 11:03:00,813.98,815.32,812.55,814.44,1188.506
2025-11-21 11:06:00,814.45,820.47,813.76,818.65,3129.623
2025-11-21 11:09:00,818.65,820.11,816.5,816.74,2054.785
2025-11-21 11:12:00,816.74,818.79,815.39,818.74,1367.183
2025-11-21 11:15:00,818.74,821.67,817.54,819.41,1601.929
2025-11-21 11:18:00,819.41,820.0,817.11,819.79,943.83
2025-11-21 11:21:00,819.79,822.21,819.53,820.57,1428.646
2025-11-21 11:24:00,820.57,820.66,819.5,820.19,504.005
2025-11-21 11:27:00,820.19,820.64,818.76,819.0,438.139
2025-11-21 11:30:00,819.02,821.01,818.52,821.01,733.143
2025-11-21 11:33:00,821.01,821.57,817.2,817.28,498.202
2025-11-21 11:36:00,817.27,817.6,815.6,816.21,687.151
2025-11-21 11:39:00,816.22,817.2,812.6,813.22,1533.464
2025-11-21 11:42:00,813.22,813.23,810.88,811.97,938.567
2025-11-21 11:45:00,811.97,812.75,810.28,810.46,571.018
2025-11-21 11:48:00,810.46,811.56,809.21,809.89,767.032
2025-11-21 11:51:00,809.88,809.95,808.05,809.39,588.578
2025-11-21 11:54:00,809.4,811.73,808.12,808.76,1119.296
2025-11-21 11:57:00,808.77,810.41,808.17,809.08,1037.894
2025-11-21 12:00:00,809.08,810.16,805.71,806.46,2446.847
2025-11-21 12:03:00,806.46,809.12,805.92,806.83,1166.909
2025-11-21 12:06:00,806.83,808.8,804.57,804.93,1870.932
2025-11-21 12:09:00,804.93,807.0,803.57,804.13,1587.93
2025-11-21 12:12:00,804.12,807.99,803.67,806.96,1403.657
2025-11-21 12:15:00,806.96,806.96,803.69,804.2,1414.826
2025-11-21 12:18:00,804.19,804.59,800.0,801.38,9019.395
2025-11-21 12:21:00,801.38,801.52,795.0,796.5,5095.514
2025-11-21 12:24:00,796.51,797.58,790.79,794.9,5080.576
2025-11-21 12:27:00,794.9,796.27,791.57,794.68,9345.089
2025-11-21 12:30:00,794.68,804.49,794.64,803.68,6256.353
2025-11-21 12:33:00,803.69,805.68,801.52,804.86,3641.671
2025-11-21 12:36:00,804.86,815.0,804.08,813.99,5656.052
2025-11-21 12:39:00,814.0,819.46,812.58,817.41,4885.476
2025-11-21 12:42:00,817.42,819.88,814.33,818.33,2382.697
2025-11-21 12:45:00,818.33,822.58,818.33,819.58,3552.635
2025-11-21 12:48:00,819.51,821.98,816.48,821.2,1679.582
2025-11-21 12:51:00,821.2,822.9,819.88,821.75,1555.183
2025-11-21 12:54:00,821.75,822.36,818.5,818.92,1402.462
2025-11-21 12:57:00,818.91,819.23,817.4,818.55,1031.198
2025-11-21 13:00:00,818.55,820.9,817.35,819.34,1057.089
2025-11-21 13:03:00,819.34,821.11,815.5,817.72,1236.675
2025-11-21 13:06:00,817.73,821.63,817.35,821.63,1771.422
2025-11-21 13:09:00,821.63,824.02,819.78,820.39,1565.975
2025-11-21 13:12:00,820.39,821.86,819.54,821.59,1631.698
2025-11-21 13:15:00,821.59,825.44,820.71,823.9,4824.499
2025-11-21 13:18:00,823.9,823.9,820.19,820.51,1549.643
2025-11-21 13:21:00,820.5,822.28,818.01,818.73,1143.518
2025-11-21 13:24:00,818.73,819.44,816.87,819.33,994.066
2025-11-21 13:27:00,819.34,819.49,817.49,817.86,723.345
2025-11-21 13:30:00,817.87,819.9,817.64,818.67,471.5
2025-11-21 13:33:00,818.67,820.79,817.55,820.4,895.209
2025-11-21 13:36:00,820.4,822.59,820.4,822.38,631.529
2025-11-21 13:39:00,822.39,822.44,821.28,822.37,415.862
